y_true,y_proba,y_pred
0,0.036340844,0
0,0.12246885,0
0,0.43717125,0
0,0.057884105,0
0,0.08692139,0
0,0.5876182,1
0,0.078837246,0
0,0.5957304,1
0,0.60476017,1
0,0.51363367,1
0,0.06673914,0
0,0.10394168,0
0,0.24624594,0
0,0.06001827,0
0,0.07575719,0
0,0.4436247,0
0,0.4432493,0
0,0.116059914,0
0,0.28007796,0
0,0.19386493,0
0,0.6611992,1
0,0.68397105,1
0,0.25910893,0
0,0.05342698,0
0,0.08398697,0
0,0.50895536,1
0,0.04165238,0
0,0.06326751,0
0,0.024531072,0
0,0.059598032,0
0,0.03165475,0
0,0.35274252,0
0,0.32554534,0
0,0.1475361,0
0,0.20955393,0
0,0.03668028,0
0,0.09527753,0
0,0.24911657,0
0,0.14701892,0
0,0.1269317,0
0,0.13779314,0
0,0.08229782,0
0,0.20727116,0
0,0.37410945,0
0,0.108205765,0
0,0.025592592,0
0,0.8275649,1
0,0.30258968,0
0,0.1057998,0
0,0.067493595,0
0,0.55765253,1
0,0.18635994,0
0,0.028268823,0
0,0.7874325,1
0,0.22704624,0
0,0.46838298,0
0,0.37628132,0
0,0.09613952,0
0,0.043332547,0
0,0.07125984,0
0,0.70323956,1
0,0.23960187,0
0,0.24368972,0
0,0.5006055,1
0,0.6660149,1
0,0.8390615,1
0,0.86084425,1
0,0.2418562,0
0,0.38329336,0
0,0.9226006,1
0,0.042545885,0
0,0.05958184,0
0,0.24941312,0
0,0.10500402,0
0,0.3510164,0
0,0.4388583,0
0,0.20765592,0
0,0.02497528,0
0,0.18590756,0
0,0.23612016,0
0,0.18318477,0
0,0.38959634,0
0,0.47076744,0
0,0.12050334,0
0,0.5354133,1
0,0.284474,0
0,0.39398214,0
0,0.13321684,0
0,0.665441,1
0,0.71697265,1
0,0.07648087,0
0,0.7268802,1
0,0.065425634,0
0,0.21742997,0
0,0.57196724,1
0,0.29449958,0
0,0.5482196,1
0,0.26711217,0
0,0.13726279,0
0,0.09988703,0
0,0.061613377,0
0,0.18201484,0
0,0.60526365,1
0,0.07246077,0
0,0.70214385,1
0,0.06148046,0
0,0.045663357,0
0,0.6151526,1
0,0.2055696,0
0,0.11079078,0
0,0.078256615,0
0,0.07225382,0
0,0.19429782,0
0,0.23891996,0
0,0.37236568,0
0,0.037830077,0
0,0.075994395,0
0,0.050125152,0
0,0.04846159,0
1,0.72711056,1
0,0.40405256,0
0,0.23985025,0
0,0.63578993,1
0,0.1634945,0
0,0.20641239,0
0,0.31530777,0
0,0.3905796,0
0,0.14502093,0
0,0.18369626,0
0,0.7647948,1
0,0.13327219,0
0,0.32037166,0
0,0.03923961,0
0,0.1541937,0
0,0.064804435,0
0,0.50601536,1
1,0.5463955,1
0,0.10400416,0
0,0.33771244,0
0,0.3031033,0
0,0.032723017,0
0,0.5024898,1
0,0.1763801,0
0,0.079827674,0
0,0.07391734,0
0,0.28791565,0
0,0.09421725,0
0,0.15053672,0
0,0.050135564,0
0,0.04818873,0
0,0.10419792,0
0,0.10865981,0
0,0.1678024,0
0,0.8751433,1
0,0.06978022,0
0,0.20069136,0
0,0.050773498,0
0,0.22841959,0
0,0.09385805,0
0,0.10334736,0
0,0.11115331,0
0,0.30000427,0
0,0.12883501,0
0,0.093104735,0
0,0.18429372,0
0,0.23703542,0
0,0.3233429,0
0,0.06355461,0
0,0.13766313,0
0,0.22866485,0
0,0.41429865,0
0,0.3629509,0
1,0.644671,1
0,0.13160062,0
0,0.6462194,1
0,0.16725706,0
0,0.17150238,0
0,0.055101648,0
0,0.5889382,1
0,0.04689655,0
0,0.05433841,0
0,0.08642865,0
0,0.82706374,1
0,0.1282351,0
0,0.3236413,0
1,0.6058899,1
0,0.3329706,0
0,0.49742895,0
0,0.12014809,0
0,0.47826198,0
0,0.14234288,0
0,0.086511426,0
1,0.92818433,1
0,0.07506401,0
0,0.12681018,0
0,0.31580442,0
0,0.090890996,0
0,0.060095675,0
0,0.20187144,0
0,0.061746918,0
0,0.1569539,0
0,0.4159348,0
0,0.12713923,0
0,0.30989805,0
0,0.4777741,0
0,0.20980445,0
0,0.5009434,1
0,0.5265619,1
0,0.21210568,0
0,0.09159813,0
0,0.086892255,0
0,0.10266436,0
0,0.18326126,0
0,0.14859617,0
0,0.2597636,0
0,0.6439645,1
0,0.12289174,0
0,0.08157883,0
0,0.11983331,0
0,0.03940178,0
0,0.5662635,1
0,0.04154458,0
0,0.14983428,0
0,0.22029737,0
0,0.29097873,0
0,0.068419896,0
0,0.056208376,0
0,0.18079714,0
0,0.18761091,0
1,0.72667825,1
0,0.10235429,0
0,0.03120447,0
0,0.113267265,0
0,0.095821686,0
0,0.89771336,1
0,0.07410997,0
0,0.048460726,0
0,0.30559215,0
1,0.8239547,1
0,0.39483562,0
0,0.079989456,0
1,0.7501515,1
0,0.24314502,0
0,0.63802576,1
0,0.052150894,0
0,0.2168526,0
0,0.86820763,1
0,0.04025895,0
0,0.17250283,0
0,0.38314283,0
0,0.1496566,0
0,0.18428305,0
0,0.079896264,0
0,0.05812632,0
0,0.47379613,0
0,0.3306864,0
0,0.7329059,1
0,0.20998308,0
0,0.17354693,0
0,0.12348451,0
0,0.096879914,0
0,0.4962214,0
0,0.06452516,0
0,0.21230245,0
0,0.5342451,1
0,0.07320623,0
0,0.05214976,0
0,0.24373063,0
0,0.29678798,0
1,0.7148391,1
0,0.039223596,0
0,0.3488117,0
0,0.40306756,0
0,0.09856539,0
0,0.19382513,0
0,0.7223262,1
0,0.04923266,0
0,0.07683575,0
0,0.08086077,0
0,0.044277154,0
0,0.105823845,0
0,0.42852157,0
0,0.1895124,0
0,0.11362634,0
0,0.6167402,1
0,0.13147807,0
0,0.0770341,0
0,0.14045271,0
0,0.04329483,0
0,0.19821024,0
0,0.06962331,0
0,0.026918754,0
0,0.13456634,0
0,0.2941496,0
0,0.122418694,0
0,0.15335202,0
0,0.13253996,0
0,0.055952176,0
0,0.2779078,0
0,0.13118735,0
0,0.66310185,1
0,0.7885229,1
0,0.16176984,0
0,0.44072834,0
0,0.078768775,0
0,0.8655006,1
0,0.2085866,0
0,0.19818588,0
0,0.10132407,0
0,0.33243856,0
0,0.17810233,0
0,0.06904202,0
0,0.20968713,0
0,0.32412958,0
0,0.043957442,0
1,0.086564764,0
0,0.1519976,0
0,0.55038273,1
0,0.024490474,0
0,0.3324487,0
0,0.60338014,1
0,0.032781083,0
0,0.062960185,0
0,0.5843292,1
1,0.038083065,0
0,0.04778625,0
0,0.4794834,0
0,0.09806982,0
0,0.14057261,0
0,0.74417067,1
0,0.22483625,0
0,0.2642674,0
0,0.46758345,0
0,0.4759913,0
0,0.085842416,0
0,0.056006443,0
0,0.7323701,1
0,0.07839141,0
0,0.5165233,1
0,0.12905672,0
0,0.037207983,0
0,0.59647924,1
0,0.030282483,0
0,0.85958546,1
0,0.2797199,0
0,0.024933418,0
0,0.14320183,0
0,0.051167086,0
0,0.23409054,0
0,0.3256484,0
0,0.05710573,0
0,0.0851881,0
0,0.42588547,0
1,0.68097854,1
0,0.53644526,1
0,0.032996323,0
0,0.49215212,0
0,0.5198488,1
0,0.6386691,1
0,0.36395764,0
0,0.38352636,0
0,0.8424671,1
0,0.033678155,0
0,0.20176299,0
0,0.46364778,0
0,0.093500815,0
0,0.1956379,0
0,0.03804859,0
0,0.46321732,0
0,0.083464205,0
0,0.2522187,0
0,0.84313345,1
0,0.078488596,0
0,0.93472624,1
0,0.09730738,0
0,0.045849834,0
0,0.06358225,0
0,0.18063325,0
0,0.023827903,0
0,0.055692982,0
0,0.04356665,0
0,0.23797108,0
0,0.07475978,0
1,0.75081027,1
0,0.3238549,0
0,0.044553883,0
0,0.36007157,0
0,0.48840535,0
0,0.041050576,0
0,0.18007305,0
0,0.35200372,0
0,0.045634527,0
0,0.029600987,0
0,0.53458786,1
1,0.58406216,1
0,0.280645,0
0,0.21197116,0
0,0.14285429,0
0,0.06876756,0
0,0.043067425,0
0,0.059587836,0
0,0.08075032,0
0,0.040378287,0
0,0.051955614,0
0,0.63126713,1
0,0.09660625,0
0,0.7601871,1
0,0.83283126,1
0,0.047621533,0
0,0.09958041,0
0,0.040823605,0
0,0.11800671,0
0,0.39598006,0
0,0.09687087,0
0,0.04466511,0
0,0.08467298,0
0,0.070736095,0
0,0.2028721,0
0,0.2658496,0
0,0.15421005,0
0,0.15842925,0
0,0.028672917,0
0,0.72303295,1
0,0.13668223,0
0,0.42924,0
0,0.16589521,0
0,0.18031545,0
0,0.057550304,0
0,0.12941651,0
0,0.3625398,0
0,0.083533406,0
0,0.27224982,0
0,0.088622324,0
0,0.26275536,0
0,0.18636163,0
0,0.193755,0
0,0.020121247,0
0,0.16621928,0
0,0.09802878,0
0,0.13597761,0
0,0.044687904,0
0,0.18931839,0
0,0.4334181,0
0,0.3292299,0
0,0.36726308,0
0,0.10334474,0
0,0.58273596,1
0,0.49089327,0
0,0.3081804,0
0,0.28422073,0
0,0.25850418,0
0,0.554842,1
0,0.36598438,0
0,0.04896009,0
0,0.03901586,0
0,0.40189227,0
0,0.055372063,0
0,0.06300785,0
1,0.7051842,1
0,0.040281408,0
0,0.10311615,0
0,0.48270074,0
0,0.07657105,0
0,0.30524907,0
0,0.104439594,0
0,0.17448385,0
0,0.12781703,0
0,0.6587864,1
0,0.45261833,0
0,0.25580832,0
0,0.10999302,0
0,0.096838124,0
0,0.06838947,0
0,0.633202,1
0,0.15378949,0
0,0.26408494,0
0,0.14677584,0
0,0.6773095,1
0,0.29480046,0
0,0.19427304,0
0,0.47752005,0
0,0.17870472,0
0,0.13382763,0
0,0.77435416,1
0,0.19620086,0
0,0.40770277,0
0,0.044456925,0
0,0.044071134,0
0,0.075256854,0
0,0.03456663,0
0,0.048569858,0
0,0.21248658,0
0,0.73288745,1
0,0.18337561,0
0,0.16054566,0
0,0.21108364,0
0,0.4274585,0
0,0.50861245,1
0,0.34634143,0
0,0.30836284,0
0,0.52659994,1
0,0.08133528,0
0,0.107323505,0
0,0.03020615,0
0,0.1330315,0
0,0.08187293,0
0,0.23567891,0
0,0.52987087,1
0,0.19180968,0
0,0.066929795,0
0,0.029774524,0
0,0.08724782,0
0,0.2842196,0
0,0.49007496,0
0,0.7453565,1
0,0.10196413,0
0,0.21395741,0
0,0.41122675,0
0,0.11669123,0
0,0.07391316,0
0,0.4193169,0
0,0.37985376,0
0,0.02412921,0
0,0.1571531,0
0,0.77792907,1
0,0.1022344,0
0,0.29896823,0
0,0.3476628,0
0,0.7115894,1
0,0.1775302,0
0,0.17036375,0
0,0.52840036,1
0,0.42585737,0
0,0.62362707,1
0,0.09552222,0
0,0.47462785,0
0,0.3102921,0
0,0.6466919,1
0,0.74261796,1
0,0.3868236,0
0,0.8137814,1
0,0.11022635,0
0,0.057020612,0
0,0.11608682,0
0,0.06902154,0
0,0.15238985,0
0,0.039741535,0
0,0.661582,1
0,0.14166136,0
0,0.64201736,1
0,0.66706604,1
0,0.05527866,0
0,0.74304897,1
0,0.074576885,0
0,0.46626288,0
0,0.044146836,0
0,0.14928047,0
0,0.3784185,0
0,0.14028983,0
0,0.25652993,0
0,0.857633,1
0,0.10797073,0
0,0.095244,0
0,0.64236844,1
0,0.04356732,0
0,0.3842541,0
0,0.031015625,0
0,0.09864214,0
0,0.3582132,0
0,0.04759816,0
0,0.26776156,0
0,0.09188936,0
0,0.58508164,1
0,0.15159446,0
0,0.60169446,1
0,0.5565532,1
0,0.51720566,1
0,0.10202296,0
0,0.72224414,1
0,0.34824398,0
0,0.15942928,0
0,0.15942597,0
0,0.5166205,1
0,0.083528906,0
0,0.20630859,0
0,0.06864712,0
0,0.38385928,0
0,0.07267623,0
0,0.11814841,0
0,0.5002149,1
0,0.07326915,0
0,0.26128998,0
0,0.08859449,0
0,0.05431309,0
0,0.12903562,0
0,0.27679637,0
0,0.56338507,1
0,0.17924426,0
0,0.22746606,0
0,0.5479385,1
0,0.07578813,0
0,0.23432447,0
0,0.28082025,0
0,0.27774057,0
0,0.12971316,0
0,0.28678697,0
0,0.11671765,0
0,0.25082836,0
0,0.13501833,0
0,0.3637082,0
0,0.40574488,0
0,0.28733653,0
0,0.11584953,0
0,0.09222624,0
0,0.11405577,0
0,0.62813824,1
0,0.6560035,1
0,0.5229007,1
0,0.02941731,0
0,0.08230777,0
0,0.07135445,0
0,0.050297607,0
0,0.43114975,0
0,0.06334136,0
0,0.5481908,1
0,0.35938883,0
0,0.048786797,0
0,0.22500692,0
0,0.5191793,1
0,0.2726753,0
1,0.42080617,0
0,0.3686751,0
0,0.044418275,0
0,0.3081651,0
0,0.40075943,0
0,0.059752755,0
0,0.043585885,0
0,0.069711804,0
0,0.26711968,0
0,0.11747237,0
0,0.21513969,0
0,0.24579097,0
0,0.07639996,0
0,0.36969295,0
0,0.04456705,0
0,0.15251772,0
0,0.6975068,1
0,0.451757,0
0,0.062700845,0
0,0.7544894,1
0,0.5752266,1
0,0.7766735,1
0,0.75216776,1
0,0.12542437,0
0,0.7694227,1
0,0.1211913,0
0,0.31240118,0
1,0.18789938,0
0,0.0404814,0
0,0.07904674,0
0,0.034889292,0
0,0.0977735,0
0,0.063455366,0
1,0.1448765,0
0,0.11520001,0
0,0.20240687,0
0,0.033960998,0
0,0.21462628,0
0,0.111761674,0
0,0.3325931,0
0,0.2922097,0
0,0.3341603,0
0,0.2619912,0
0,0.13630636,0
0,0.08469114,0
0,0.047900606,0
0,0.4163727,0
0,0.16226085,0
0,0.06391797,0
0,0.068924636,0
0,0.786373,1
0,0.33987477,0
0,0.1092507,0
0,0.08818542,0
0,0.60207313,1
0,0.050826505,0
0,0.58313274,1
0,0.32320905,0
0,0.08256926,0
0,0.04318545,0
0,0.13051538,0
1,0.22856091,0
0,0.039334387,0
0,0.48576906,0
0,0.12951344,0
0,0.3239601,0
0,0.38683736,0
0,0.092247635,0
0,0.6271019,1
0,0.03891446,0
0,0.2159241,0
0,0.04856582,0
0,0.22770473,0
0,0.4648205,0
0,0.12773113,0
0,0.8293162,1
0,0.08912358,0
0,0.039074574,0
0,0.38117424,0
0,0.059548218,0
0,0.23110366,0
0,0.7700984,1
0,0.09662982,0
0,0.8252495,1
0,0.24719273,0
0,0.18071657,0
0,0.16478264,0
0,0.78900886,1
0,0.039043773,0
0,0.06903865,0
0,0.5393428,1
0,0.046862718,0
0,0.10136809,0
0,0.15963835,0
0,0.24056491,0
0,0.051608123,0
0,0.7371567,1
0,0.42561463,0
0,0.1995498,0
0,0.1722436,0
0,0.20859176,0
0,0.05749595,0
0,0.9273237,1
0,0.6515054,1
0,0.3039245,0
0,0.083815515,0
0,0.38489825,0
0,0.18367095,0
0,0.2625706,0
0,0.061626773,0
0,0.812711,1
0,0.05407929,0
0,0.14644362,0
0,0.57362,1
0,0.08376552,0
0,0.11305382,0
0,0.24407722,0
0,0.052085876,0
0,0.11712073,0
0,0.038024556,0
0,0.40607634,0
0,0.06308694,0
0,0.7177122,1
0,0.04791733,0
0,0.15663232,0
0,0.12584324,0
0,0.26350152,0
0,0.055829838,0
0,0.053685635,0
0,0.09979895,0
0,0.049754214,0
0,0.12618493,0
0,0.26055753,0
0,0.024298957,0
0,0.2521641,0
0,0.7833502,1
0,0.062421598,0
0,0.057883516,0
0,0.12254083,0
1,0.15320797,0
0,0.5171204,1
0,0.041372366,0
0,0.59751123,1
0,0.10999649,0
0,0.52243584,1
0,0.06328981,0
0,0.04601435,0
0,0.92450625,1
0,0.33571288,0
0,0.06902504,0
1,0.088473976,0
0,0.07082899,0
0,0.45562083,0
0,0.121039964,0
0,0.09268465,0
0,0.09395358,0
0,0.03827379,0
0,0.331803,0
0,0.09742539,0
0,0.04922698,0
0,0.0641557,0
0,0.34151992,0
0,0.2756234,0
0,0.6905438,1
0,0.09373909,0
0,0.08827762,0
1,0.33773628,0
0,0.15473804,0
0,0.61598814,1
0,0.7736372,1
0,0.22333911,0
0,0.08895793,0
0,0.3595927,0
0,0.54248416,1
0,0.13115075,0
0,0.18781039,0
0,0.110096686,0
0,0.048966926,0
0,0.11303068,0
1,0.681765,1
0,0.3379892,0
0,0.44038835,0
0,0.10495973,0
0,0.48831448,0
0,0.054813586,0
0,0.03689016,0
0,0.4993392,0
0,0.7778465,1
0,0.03460768,0
0,0.08058742,0
0,0.069972664,0
0,0.12389788,0
0,0.10313427,0
0,0.0812189,0
0,0.3719254,0
0,0.13598806,0
0,0.36941534,0
0,0.5406544,1
0,0.08022435,0
0,0.25353113,0
1,0.67018527,1
0,0.03318747,0
0,0.053333193,0
0,0.118119545,0
0,0.088130854,0
0,0.11619419,0
0,0.068353735,0
0,0.09879392,0
0,0.19543873,0
0,0.19586928,0
0,0.5795462,1
0,0.20225811,0
0,0.07043791,0
0,0.14785829,0
0,0.1803254,0
0,0.5137704,1
0,0.048295017,0
0,0.7258181,1
0,0.40803686,0
0,0.098809846,0
0,0.19802466,0
0,0.2361296,0
0,0.8664969,1
0,0.037493147,0
0,0.103933215,0
0,0.06170414,0
0,0.14186579,0
0,0.16892576,0
0,0.26253217,0
1,0.84058356,1
0,0.46638885,0
0,0.0726724,0
0,0.11152598,0
0,0.24763966,0
0,0.4464404,0
0,0.6982652,1
0,0.47920236,0
0,0.041979644,0
0,0.054014176,0
0,0.035072222,0
0,0.3643619,0
0,0.030217068,0
0,0.5144853,1
0,0.053138573,0
0,0.11789778,0
0,0.124664225,0
0,0.041523308,0
0,0.10839197,0
0,0.14842938,0
0,0.22677729,0
0,0.060398307,0
0,0.07790105,0
0,0.33170846,0
0,0.10420149,0
0,0.085955545,0
0,0.04710544,0
0,0.16939658,0
0,0.60950303,1
0,0.24728452,0
0,0.10058019,0
0,0.4737194,0
0,0.7418301,1
0,0.16434473,0
0,0.04141481,0
0,0.037873596,0
0,0.49263924,0
0,0.07388687,0
0,0.06177625,0
0,0.04128332,0
0,0.05322012,0
0,0.061066154,0
0,0.1563642,0
1,0.7722334,1
0,0.46184236,0
0,0.23157945,0
0,0.10673871,0
0,0.28722453,0
0,0.10870705,0
0,0.42515022,0
0,0.13623956,0
0,0.09780612,0
0,0.23135433,0
0,0.54666996,1
0,0.06535561,0
0,0.9166426,1
0,0.11916184,0
0,0.68010306,1
0,0.09019718,0
0,0.07689958,0
0,0.27975783,0
0,0.060261555,0
0,0.41093525,0
0,0.12343491,0
0,0.06448643,0
0,0.10093666,0
0,0.04166937,0
0,0.11876541,0
0,0.29052043,0
0,0.12073586,0
0,0.6611265,1
0,0.14960758,0
0,0.10961908,0
0,0.16498491,0
0,0.42872515,0
0,0.04608312,0
0,0.42769265,0
0,0.066592485,0
0,0.1925163,0
0,0.13142513,0
0,0.52269,1
0,0.15058962,0
0,0.30566418,0
0,0.444404,0
0,0.32932767,0
0,0.05996187,0
0,0.36527857,0
0,0.034498207,0
0,0.15500802,0
0,0.09634061,0
0,0.82405186,1
1,0.90205956,1
0,0.31092823,0
0,0.41971445,0
0,0.10063919,0
0,0.12739827,0
0,0.18033926,0
0,0.7061807,1
0,0.41793957,0
0,0.07506371,0
1,0.784014,1
0,0.027793419,0
0,0.5492842,1
0,0.19942059,0
0,0.43647125,0
0,0.46234885,0
0,0.08238971,0
0,0.5683492,1
0,0.22736253,0
0,0.0724622,0
0,0.25636667,0
0,0.02776122,0
0,0.047569957,0
0,0.2108985,0
1,0.9313805,1
0,0.93325245,1
0,0.2561286,0
0,0.8589816,1
0,0.18810053,0
0,0.040403172,0
0,0.072336905,0
0,0.06358775,0
0,0.31717834,0
0,0.16430473,0
0,0.23895454,0
0,0.097087026,0
0,0.39132726,0
0,0.2306534,0
0,0.13968875,0
0,0.047925163,0
0,0.5622987,1
0,0.75527704,1
0,0.9092389,1
0,0.05288718,0
0,0.5941513,1
0,0.1721551,0
0,0.15010655,0
0,0.08156881,0
0,0.34734714,0
0,0.2997099,0
0,0.9195634,1
0,0.52561766,1
0,0.3426103,0
0,0.027679425,0
0,0.041755408,0
0,0.7701238,1
0,0.7290019,1
0,0.17727752,0
0,0.2578602,0
0,0.6231597,1
0,0.19369201,0
0,0.05082629,0
0,0.6161111,1
0,0.17999487,0
0,0.2608865,0
0,0.30079263,0
0,0.064397536,0
0,0.03938127,0
0,0.49592242,0
0,0.04631001,0
0,0.08939585,0
0,0.63085,1
0,0.7918053,1
0,0.02836058,0
0,0.6829931,1
0,0.031179316,0
1,0.90268075,1
0,0.05347731,0
0,0.14901161,0
0,0.6817892,1
0,0.40228865,0
0,0.044228066,0
0,0.12710145,0
0,0.92311114,1
0,0.11983156,0
0,0.16489682,0
0,0.54327154,1
0,0.80984855,1
0,0.44889492,0
0,0.48944885,0
0,0.061304472,0
0,0.039121702,0
0,0.45688382,0
0,0.11726609,0
0,0.09015462,0
0,0.16332407,0
0,0.54855376,1
0,0.039616738,0
0,0.44276047,0
0,0.47120234,0
0,0.26569453,0
0,0.1307252,0
0,0.13609156,0
0,0.39339682,0
0,0.19620231,0
0,0.31453353,0
0,0.2780025,0
0,0.27730277,0
0,0.060598083,0
0,0.3378791,0
0,0.07121548,0
0,0.31536055,0
0,0.4892411,0
0,0.7170961,1
0,0.19870806,0
0,0.59665644,1
0,0.1739884,0
0,0.047371466,0
0,0.3275478,0
0,0.3889094,0
0,0.06298424,0
0,0.3549174,0
0,0.054018416,0
0,0.0952064,0
0,0.4414591,0
0,0.10269749,0
0,0.37771052,0
0,0.04807917,0
0,0.069031075,0
0,0.07355542,0
0,0.43148133,0
0,0.030657459,0
0,0.044022653,0
0,0.032702897,0
0,0.047405507,0
0,0.09863421,0
0,0.046020806,0
0,0.058238924,0
0,0.023367284,0
0,0.17885852,0
0,0.22943686,0
1,0.8848717,1
0,0.039453126,0
0,0.2377491,0
0,0.4506622,0
0,0.1623871,0
0,0.49899232,0
0,0.063524246,0
0,0.15952812,0
0,0.119336836,0
0,0.94217765,1
0,0.056156214,0
0,0.1630481,0
0,0.033166196,0
0,0.6392025,1
0,0.06431583,0
0,0.5616446,1
0,0.10392094,0
0,0.085764825,0
0,0.45201838,0
0,0.10009153,0
0,0.7210141,1
0,0.054210033,0
0,0.045477036,0
0,0.083079636,0
1,0.67549473,1
0,0.061658975,0
0,0.047665294,0
0,0.059014075,0
0,0.08332492,0
0,0.6665372,1
0,0.29468605,0
0,0.20555243,0
0,0.026288768,0
0,0.4173715,0
0,0.124610215,0
0,0.85602546,1
0,0.26025826,0
0,0.07275052,0
0,0.11160488,0
0,0.07588781,0
0,0.8615863,1
0,0.6209838,1
0,0.16417462,0
0,0.2918593,0
0,0.06845051,0
0,0.86010003,1
0,0.26028886,0
0,0.05673783,0
0,0.063088804,0
0,0.36046705,0
0,0.21393144,0
0,0.0545562,0
0,0.12187671,0
0,0.06474418,0
0,0.10098243,0
0,0.41476923,0
0,0.051607367,0
0,0.03378422,0
0,0.7473889,1
0,0.732709,1
0,0.35616603,0
0,0.29973257,0
0,0.064089514,0
0,0.0243135,0
0,0.60034657,1
0,0.24618453,0
0,0.09962633,0
0,0.6231611,1
0,0.08555619,0
0,0.10705124,0
0,0.090846375,0
0,0.16799454,0
0,0.5998368,1
0,0.36215937,0
0,0.033643622,0
0,0.21246372,0
0,0.19569267,0
1,0.9053011,1
0,0.1372819,0
0,0.4221057,0
0,0.48575017,0
0,0.034383107,0
0,0.033043474,0
0,0.042807315,0
0,0.039197847,0
0,0.047031134,0
0,0.124611884,0
0,0.08430039,0
0,0.040703118,0
0,0.10092251,0
0,0.07333741,0
0,0.19841199,0
0,0.096843794,0
0,0.36713797,0
0,0.08261462,0
0,0.13038206,0
0,0.37331116,0
0,0.35427293,0
1,0.848748,1
0,0.3584541,0
0,0.14086239,0
0,0.063136,0
0,0.029829282,0
0,0.6261984,1
0,0.79442245,1
0,0.085879564,0
0,0.7274525,1
0,0.51233023,1
0,0.14312968,0
0,0.2564107,0
0,0.3622683,0
0,0.058826525,0
0,0.78162193,1
0,0.05418781,0
0,0.09011369,0
0,0.7965716,1
0,0.025372662,0
0,0.21719395,0
0,0.26925394,0
0,0.09096603,0
0,0.3022203,0
0,0.13146664,0
0,0.7393363,1
0,0.07729395,0
0,0.11866822,0
0,0.22579063,0
0,0.097291075,0
0,0.13466029,0
0,0.818901,1
0,0.71983844,1
1,0.91811526,1
0,0.040833145,0
0,0.6255392,1
0,0.21650994,0
0,0.2671193,0
0,0.1748164,0
0,0.08517279,0
0,0.04121384,0
0,0.047221385,0
0,0.09625531,0
1,0.74249804,1
0,0.27947173,0
0,0.10633888,0
0,0.36328217,0
0,0.037461057,0
0,0.124883406,0
0,0.2980217,0
0,0.07094048,0
0,0.70321673,1
0,0.03387663,0
0,0.08525932,0
0,0.15997371,0
0,0.082756,0
0,0.24004817,0
0,0.20182376,0
0,0.45298225,0
0,0.5519446,1
0,0.08620668,0
1,0.7558081,1
0,0.051697243,0
0,0.5219884,1
0,0.2003843,0
0,0.79961216,1
0,0.035701357,0
0,0.39172882,0
0,0.105921574,0
0,0.05725825,0
0,0.44590044,0
0,0.043390732,0
0,0.043029487,0
0,0.12452638,0
0,0.08124509,0
0,0.63062394,1
0,0.15447225,0
0,0.03896015,0
0,0.1370925,0
0,0.38062742,0
0,0.34216398,0
0,0.27032673,0
0,0.53807247,1
0,0.043582283,0
0,0.15175447,0
0,0.23590764,0
0,0.033836372,0
0,0.6252688,1
0,0.12277717,0
0,0.48833683,0
0,0.44617757,0
0,0.05970145,0
0,0.0381921,0
0,0.364797,0
0,0.036186945,0
0,0.029965037,0
0,0.03927942,0
0,0.16224217,0
0,0.88276124,1
0,0.118418805,0
0,0.5123412,1
0,0.22875588,0
0,0.25255758,0
0,0.13692981,0
0,0.08149186,0
0,0.87190235,1
0,0.21910357,0
0,0.15503833,0
0,0.3994646,0
0,0.080974795,0
0,0.087539576,0
0,0.1668433,0
0,0.037295654,0
0,0.19839093,0
0,0.5509761,1
0,0.061869096,0
0,0.11410576,0
0,0.10760216,0
0,0.086276665,0
0,0.45118138,0
0,0.21846421,0
0,0.357738,0
0,0.04952057,0
0,0.05649119,0
0,0.46658933,0
0,0.18910962,0
0,0.23949137,0
0,0.7221154,1
0,0.046300575,0
1,0.7951371,1
0,0.08978944,0
0,0.3759797,0
0,0.048851505,0
0,0.06694533,0
0,0.23052335,0
0,0.08007097,0
0,0.15622434,0
0,0.14860481,0
0,0.040469065,0
0,0.47036532,0
0,0.55724996,1
0,0.06551012,0
0,0.11943195,0
0,0.24122417,0
0,0.5439113,1
0,0.36372426,0
0,0.13665782,0
0,0.48307478,0
0,0.26616752,0
0,0.3041109,0
0,0.04263262,0
0,0.14303873,0
0,0.09183985,0
0,0.29328108,0
0,0.12453691,0
0,0.32081386,0
0,0.39288092,0
0,0.2548487,0
0,0.11188496,0
0,0.24779025,0
0,0.38160673,0
0,0.48508045,0
0,0.061081596,0
0,0.38725382,0
0,0.580005,1
0,0.07378572,0
0,0.038670387,0
0,0.4464192,0
0,0.20151809,0
0,0.21369588,0
0,0.7223211,1
0,0.0714923,0
0,0.33578485,0
0,0.032550424,0
0,0.29123405,0
0,0.43536097,0
0,0.03985851,0
0,0.19820423,0
0,0.11391208,0
0,0.46190342,0
0,0.40072933,0
0,0.02367338,0
0,0.2171799,0
0,0.06914914,0
1,0.5564408,1
0,0.14526539,0
0,0.3371653,0
0,0.050219037,0
0,0.037086308,0
1,0.14254925,0
0,0.18231234,0
0,0.0246982,0
0,0.1394914,0
0,0.06650353,0
0,0.083477125,0
0,0.061835356,0
0,0.15425697,0
0,0.619078,1
0,0.050858606,0
0,0.111566,0
0,0.52060515,1
0,0.16175605,0
1,0.09889214,0
0,0.35015917,0
0,0.15968633,0
0,0.055657372,0
0,0.06304219,0
0,0.82422614,1
0,0.52045715,1
0,0.034883246,0
0,0.7795476,1
0,0.28887984,0
0,0.7434274,1
0,0.08978073,0
0,0.52522665,1
0,0.044433143,0
0,0.43266413,0
0,0.040850267,0
0,0.0716624,0
0,0.09742027,0
0,0.069195196,0
0,0.20522168,0
0,0.04586666,0
0,0.61515164,1
0,0.06293334,0
0,0.24891515,0
0,0.05132208,0
0,0.32390726,0
0,0.063128695,0
0,0.26401085,0
0,0.037494548,0
0,0.09197552,0
0,0.5559545,1
0,0.24693069,0
0,0.7448605,1
0,0.08047516,0
0,0.1251001,0
0,0.06850537,0
0,0.33310425,0
0,0.5249297,1
0,0.07025264,0
0,0.27973855,0
0,0.21382138,0
1,0.8907098,1
0,0.124680474,0
0,0.039858934,0
0,0.71507734,1
0,0.07494034,0
0,0.53479975,1
0,0.5701115,1
0,0.06026562,0
0,0.32776436,0
0,0.8564054,1
0,0.08770196,0
0,0.79781103,1
0,0.1069841,0
0,0.028870873,0
0,0.28319433,0
0,0.30294272,0
0,0.54854345,1
0,0.58143497,1
0,0.089667924,0
0,0.0617172,0
0,0.10344565,0
0,0.058095563,0
0,0.07835773,0
0,0.090723276,0
0,0.61355907,1
0,0.19186051,0
0,0.10013032,0
0,0.2659417,0
0,0.5332371,1
0,0.09405935,0
0,0.89630175,1
0,0.09757077,0
0,0.1868591,0
0,0.06475413,0
0,0.62108386,1
0,0.06025325,0
0,0.12676167,0
0,0.61627346,1
0,0.2163592,0
0,0.32739863,0
0,0.04195113,0
0,0.3440917,0
0,0.408381,0
0,0.41370448,0
0,0.6908181,1
0,0.055615183,0
0,0.052685976,0
0,0.49932018,0
0,0.054927472,0
0,0.63327724,1
0,0.07575053,0
0,0.82189816,1
0,0.09441214,0
0,0.5889941,1
0,0.26782522,0
0,0.47190788,0
0,0.12819874,0
0,0.15042503,0
0,0.56784624,1
0,0.19905207,0
0,0.26277742,0
0,0.6035036,1
0,0.14704475,0
0,0.40565088,0
0,0.07453799,0
0,0.81247175,1
0,0.06333325,0
0,0.37700206,0
0,0.08708371,0
0,0.37607875,0
0,0.36776072,0
0,0.1479731,0
0,0.27069703,0
0,0.89988256,1
0,0.29864508,0
0,0.1295681,0
0,0.06720902,0
0,0.24145739,0
0,0.19945225,0
0,0.13446721,0
0,0.0935211,0
0,0.075309984,0
0,0.104862735,0
0,0.05512571,0
0,0.05758162,0
0,0.58429754,1
0,0.18606395,0
0,0.054533165,0
0,0.28816983,0
0,0.28558242,0
0,0.4445226,0
0,0.13446957,0
0,0.50499934,1
0,0.12401046,0
0,0.1248319,0
0,0.061869577,0
0,0.06874039,0
0,0.31147867,0
0,0.24150078,0
0,0.08518492,0
0,0.15568668,0
0,0.13477796,0
0,0.7062881,1
0,0.521807,1
0,0.06402668,0
0,0.05165141,0
0,0.075054064,0
0,0.16649744,0
0,0.06598471,0
0,0.08785794,0
0,0.4730175,0
0,0.057478227,0
0,0.067777455,0
0,0.08273403,0
0,0.54312,1
0,0.08007819,0
0,0.3743208,0
0,0.24469404,0
0,0.30866504,0
0,0.44594747,0
0,0.059607465,0
0,0.30310717,0
0,0.0906524,0
0,0.0442359,0
0,0.36861214,0
0,0.23956259,0
0,0.5444538,1
0,0.032148544,0
1,0.699959,1
0,0.091418736,0
0,0.29640862,0
0,0.523341,1
0,0.32301074,0
0,0.6070734,1
0,0.05713612,0
1,0.9154725,1
0,0.04022448,0
0,0.24380729,0
0,0.20508866,0
0,0.053332075,0
0,0.13641804,0
0,0.42718232,0
0,0.36910883,0
0,0.19845587,0
0,0.41394508,0
0,0.2998946,0
0,0.02720759,0
0,0.18982753,0
0,0.5083811,1
0,0.07020074,0
0,0.33370143,0
0,0.07724926,0
0,0.05794153,0
0,0.27356637,0
0,0.072067626,0
0,0.26862392,0
0,0.105320685,0
0,0.04877341,0
0,0.112140715,0
0,0.15541382,0
0,0.7003612,1
0,0.36826292,0
0,0.024104076,0
0,0.38814843,0
0,0.048897367,0
0,0.12537315,0
0,0.12577823,0
0,0.16434623,0
0,0.08464534,0
0,0.20058896,0
0,0.142937,0
0,0.38578835,0
0,0.041819505,0
0,0.09479746,0
0,0.1892492,0
0,0.11128979,0
0,0.042392552,0
0,0.31010175,0
0,0.509974,1
0,0.18420513,0
0,0.036675833,0
0,0.2546537,0
0,0.51779664,1
0,0.052825473,0
0,0.2817624,0
1,0.29870248,0
0,0.3998371,0
0,0.028788267,0
0,0.13531552,0
0,0.46746838,0
0,0.106183544,0
0,0.04360387,0
0,0.11415689,0
0,0.046347417,0
0,0.287382,0
0,0.054281235,0
0,0.549785,1
0,0.038683914,0
0,0.57893586,1
0,0.09157357,0
0,0.12081858,0
0,0.51291025,1
0,0.09143034,0
0,0.0871353,0
0,0.040546626,0
0,0.2504358,0
0,0.3557543,0
0,0.049249947,0
0,0.079409525,0
0,0.11434853,0
0,0.046778012,0
0,0.06521354,0
1,0.81531835,1
0,0.5936894,1
0,0.50273204,1
0,0.6108112,1
0,0.05090819,0
0,0.30429375,0
0,0.13373849,0
0,0.047314174,0
0,0.19452497,0
0,0.054450028,0
0,0.7170587,1
0,0.062992066,0
0,0.15690339,0
0,0.10723793,0
0,0.6511318,1
0,0.0464509,0
0,0.48198503,0
0,0.1723419,0
0,0.13722849,0
0,0.7277421,1
0,0.080183,0
0,0.23502918,0
0,0.53807676,1
0,0.11576662,0
0,0.8650942,1
0,0.061121535,0
0,0.051391065,0
0,0.058229093,0
0,0.11983248,0
0,0.18295316,0
0,0.06328754,0
0,0.45386997,0
0,0.036190122,0
0,0.3148605,0
0,0.4975524,0
0,0.639736,1
0,0.33391237,0
0,0.44292492,0
0,0.028365288,0
0,0.4330002,0
0,0.8123994,1
0,0.066689305,0
0,0.57489604,1
0,0.1989555,0
0,0.67595965,1
0,0.20866993,0
0,0.4404632,0
0,0.21412672,0
0,0.31046247,0
0,0.63568515,1
0,0.16747238,0
0,0.13462278,0
0,0.039955318,0
0,0.17239971,0
0,0.15949242,0
0,0.0367777,0
0,0.4219412,0
0,0.1933579,0
0,0.049451634,0
0,0.11769975,0
0,0.5149702,1
0,0.06323426,0
0,0.24250807,0
0,0.11455743,0
0,0.4308676,0
0,0.040808007,0
0,0.16830754,0
0,0.07669133,0
0,0.39715362,0
0,0.59832513,1
0,0.61552984,1
0,0.84073865,1
0,0.20649214,0
0,0.39585826,0
0,0.08863011,0
0,0.12535062,0
0,0.04633579,0
0,0.050155107,0
0,0.31074333,0
0,0.09108445,0
1,0.8165161,1
0,0.31784016,0
0,0.122271396,0
0,0.25970942,0
0,0.028109485,0
0,0.47028992,0
0,0.04390691,0
0,0.5357014,1
0,0.025218438,0
0,0.8435713,1
0,0.091997065,0
1,0.8849081,1
0,0.20917495,0
0,0.13373111,0
0,0.9104514,1
0,0.42330584,0
0,0.6806786,1
0,0.21661535,0
0,0.73547477,1
0,0.5829531,1
0,0.15547776,0
0,0.12697726,0
0,0.07778094,0
0,0.3593874,0
0,0.12150517,0
0,0.052620474,0
0,0.6596768,1
0,0.14661412,0
0,0.4159128,0
0,0.06692213,0
0,0.09856558,0
0,0.066041954,0
0,0.10648136,0
0,0.07138912,0
0,0.23219718,0
0,0.098730065,0
0,0.09866548,0
0,0.25980884,0
0,0.1870782,0
0,0.5330055,1
0,0.22065604,0
0,0.53825855,1
0,0.28921276,0
0,0.5187553,1
0,0.24601108,0
0,0.2824404,0
0,0.08621371,0
0,0.052502435,0
0,0.05254683,0
0,0.25032085,0
0,0.045737904,0
0,0.046404637,0
0,0.083650626,0
0,0.22812076,0
0,0.37644333,0
0,0.17608243,0
0,0.1590565,0
0,0.059800517,0
0,0.15246205,0
0,0.03524749,0
0,0.029205466,0
0,0.18955292,0
0,0.070369095,0
0,0.07093156,0
0,0.5291211,1
0,0.15703112,0
0,0.10082945,0
0,0.03307271,0
1,0.7862431,1
0,0.25866088,0
0,0.08194258,0
0,0.38091645,0
0,0.2936485,0
0,0.062845424,0
0,0.09110182,0
0,0.3072453,0
0,0.2241253,0
0,0.62972134,1
0,0.48846963,0
0,0.63742465,1
0,0.31651884,0
0,0.65605724,1
0,0.52952254,1
0,0.59903944,1
0,0.05584706,0
0,0.065315686,0
0,0.07326674,0
0,0.24565865,0
0,0.23634912,0
0,0.38275084,0
0,0.03862444,0
0,0.23208548,0
0,0.23674718,0
0,0.04107913,0
0,0.08231804,0
0,0.20117544,0
0,0.21200837,0
0,0.05380548,0
0,0.049547374,0
0,0.04359673,0
0,0.12078821,0
0,0.09239098,0
0,0.19867426,0
0,0.14086118,0
0,0.16002315,0
0,0.23060144,0
0,0.12537555,0
0,0.065392755,0
0,0.21781822,0
0,0.24720165,0
0,0.21891424,0
0,0.049211133,0
0,0.28292537,0
0,0.116284326,0
0,0.077052735,0
0,0.649669,1
0,0.31688675,0
0,0.16741203,0
0,0.09963739,0
0,0.07742068,0
0,0.1727674,0
0,0.12881826,0
0,0.28939438,0
1,0.034170758,0
0,0.04386087,0
0,0.056089666,0
0,0.46554413,0
0,0.093436934,0
0,0.532543,1
0,0.068467356,0
0,0.35938424,0
0,0.15940453,0
0,0.2041575,0
0,0.11921486,0
0,0.14644663,0
0,0.24704449,0
0,0.16346467,0
0,0.059159312,0
0,0.08085129,0
0,0.04965896,0
0,0.16188747,0
0,0.20428601,0
0,0.12211317,0
0,0.60742515,1
0,0.061216116,0
0,0.10261552,0
0,0.06355478,0
0,0.13329974,0
0,0.10787582,0
0,0.7416726,1
0,0.19940086,0
0,0.47971225,0
0,0.30194244,0
0,0.09909216,0
0,0.15257995,0
0,0.5744767,1
0,0.078697175,0
0,0.39442497,0
0,0.12853342,0
0,0.24698167,0
0,0.16414134,0
0,0.35426727,0
0,0.050048698,0
0,0.45324257,0
0,0.25811726,0
0,0.048082165,0
0,0.076627895,0
0,0.24112901,0
0,0.2048213,0
0,0.055474166,0
0,0.0464933,0
0,0.1806783,0
0,0.021323483,0
0,0.60635555,1
0,0.5243887,1
0,0.25558436,0
0,0.41098377,0
0,0.13666649,0
0,0.2494327,0
0,0.06726446,0
0,0.13994572,0
0,0.45887503,0
1,0.22239496,0
0,0.14940217,0
0,0.109205835,0
0,0.6563224,1
0,0.037121918,0
1,0.6055168,1
0,0.101533584,0
0,0.056976795,0
0,0.3324837,0
0,0.033215053,0
0,0.08166552,0
0,0.21781686,0
0,0.092096694,0
0,0.06656338,0
0,0.05154827,0
0,0.5223357,1
0,0.14729017,0
0,0.24169801,0
0,0.06582891,0
0,0.41141832,0
0,0.68637264,1
0,0.1547082,0
0,0.52236056,1
0,0.1286208,0
0,0.37733078,0
0,0.38754714,0
0,0.03684789,0
0,0.060493637,0
0,0.051944744,0
0,0.22106196,0
0,0.26659656,0
0,0.05450824,0
0,0.75819564,1
0,0.18398094,0
0,0.46555448,0
0,0.17384517,0
0,0.034472335,0
0,0.25777715,0
0,0.04013749,0
0,0.043079466,0
0,0.12855949,0
0,0.09674641,0
0,0.22139461,0
0,0.29854485,0
0,0.15758277,0
0,0.44681737,0
0,0.08065918,0
1,0.77823275,1
0,0.03504758,0
0,0.07960315,0
0,0.083357595,0
0,0.2494744,0
0,0.47397184,0
0,0.09712602,0
0,0.30880013,0
0,0.036228452,0
0,0.077821925,0
0,0.11198024,0
0,0.18442547,0
0,0.61341476,1
0,0.27197033,0
0,0.112769425,0
0,0.05709543,0
0,0.26418614,0
0,0.47179735,0
0,0.23466513,0
0,0.09512519,0
1,0.93191606,1
0,0.08028475,0
0,0.43752402,0
0,0.19215026,0
0,0.12902379,0
0,0.11058165,0
0,0.030160295,0
1,0.22403167,0
0,0.047909457,0
0,0.114108145,0
0,0.22152412,0
1,0.9431296,1
1,0.26252142,0
0,0.04682117,0
0,0.46236145,0
0,0.4362767,0
0,0.06319792,0
0,0.04861811,0
0,0.11874865,0
0,0.51261795,1
0,0.095649794,0
0,0.3051561,0
0,0.113042414,0
0,0.046803936,0
0,0.04181063,0
0,0.15822807,0
0,0.44171408,0
0,0.07580089,0
0,0.06900399,0
0,0.6269834,1
0,0.9006961,1
0,0.5738927,1
0,0.11467752,0
0,0.032505527,0
0,0.07030887,0
0,0.057040446,0
0,0.36388314,0
0,0.4517519,0
0,0.070022404,0
0,0.13903135,0
0,0.20686004,0
0,0.04560194,0
0,0.34695408,0
0,0.22260886,0
0,0.16509777,0
0,0.05897134,0
0,0.058337197,0
0,0.06779146,0
0,0.7635831,1
0,0.19652155,0
0,0.07970489,0
0,0.4202003,0
0,0.73486984,1
0,0.31392995,0
0,0.040402703,0
1,0.5228032,1
0,0.07728262,0
0,0.4471845,0
0,0.27926958,0
0,0.04019456,0
0,0.61105406,1
0,0.16470855,0
0,0.029448135,0
0,0.19887044,0
0,0.021300917,0
0,0.12816457,0
0,0.30884793,0
0,0.3351379,0
0,0.05485974,0
0,0.071277425,0
0,0.0555085,0
0,0.088279925,0
0,0.41208482,0
0,0.2488347,0
0,0.07611817,0
0,0.21384022,0
0,0.14293987,0
0,0.1001419,0
0,0.21843322,0
0,0.3442566,0
0,0.30357096,0
0,0.23437616,0
0,0.59528744,1
0,0.070685394,0
0,0.91519564,1
0,0.074923165,0
0,0.56742984,1
0,0.23454802,0
0,0.12305176,0
0,0.71851355,1
0,0.044477046,0
0,0.22992988,0
0,0.24966323,0
0,0.31023064,0
0,0.046198152,0
0,0.24268273,0
0,0.39749527,0
0,0.112332426,0
0,0.5678244,1
0,0.20466378,0
0,0.07195946,0
0,0.07361983,0
0,0.11154781,0
0,0.12661664,0
0,0.45629492,0
0,0.035925176,0
0,0.06527679,0
0,0.09656534,0
0,0.67650896,1
1,0.5572088,1
0,0.051183112,0
0,0.07260624,0
0,0.08718803,0
0,0.547795,1
0,0.08655831,0
0,0.026826492,0
0,0.049496584,0
0,0.5680734,1
0,0.09119099,0
0,0.41325513,0
0,0.08000439,0
0,0.06905217,0
0,0.8047122,1
0,0.1970101,0
0,0.1128894,0
0,0.27123865,0
0,0.25928771,0
0,0.13515624,0
0,0.69830954,1
0,0.35819498,0
0,0.11685196,0
0,0.14693892,0
0,0.036787625,0
0,0.1460542,0
0,0.08790588,0
0,0.080604486,0
0,0.040366296,0
0,0.48743132,0
0,0.07276129,0
0,0.062488098,0
0,0.054783996,0
0,0.4432876,0
1,0.5634281,1
0,0.1362143,0
0,0.7645657,1
0,0.09874139,0
0,0.5089442,1
0,0.0850189,0
0,0.08856752,0
0,0.5652498,1
0,0.4950799,0
0,0.15017115,0
0,0.046349112,0
0,0.0322431,0
0,0.047700163,0
0,0.108828194,0
0,0.18374746,0
0,0.041641798,0
0,0.56137854,1
0,0.1615678,0
0,0.12875263,0
0,0.123032935,0
0,0.5834358,1
0,0.42127588,0
1,0.32235083,0
0,0.055480495,0
0,0.41555008,0
0,0.09731219,0
0,0.1573687,0
0,0.27106577,0
0,0.07727016,0
0,0.22243215,0
0,0.054331552,0
0,0.28110036,0
0,0.23751989,0
0,0.22739793,0
0,0.2350731,0
0,0.59200466,1
0,0.086976066,0
0,0.27239,0
0,0.20352755,0
0,0.42460668,0
0,0.38821533,0
0,0.03477733,0
0,0.7428867,1
0,0.6764719,1
0,0.06928277,0
0,0.098786935,0
0,0.34925088,0
0,0.07033933,0
0,0.11523077,0
0,0.12721829,0
0,0.45607916,0
0,0.10051228,0
0,0.5117387,1
0,0.2329908,0
0,0.020799031,0
0,0.14250895,0
0,0.12387993,0
0,0.4627598,0
0,0.7988824,1
0,0.04988066,0
0,0.13455859,0
1,0.88792187,1
0,0.053923596,0
0,0.08470701,0
0,0.7580693,1
0,0.64660734,1
0,0.85594636,1
0,0.081840605,0
0,0.10769867,0
0,0.08013395,0
0,0.17946747,0
0,0.41060278,0
0,0.11455729,0
0,0.5552005,1
0,0.37608323,0
0,0.16265616,0
0,0.26462612,0
0,0.11056845,0
0,0.29665273,0
0,0.10821928,0
0,0.06817172,0
0,0.2637495,0
0,0.034097895,0
0,0.037102,0
0,0.18341115,0
0,0.6528895,1
0,0.067379974,0
0,0.28094077,0
0,0.027133057,0
0,0.2361246,0
0,0.09782916,0
0,0.54252,1
0,0.1383136,0
0,0.43979603,0
0,0.55041707,1
0,0.20909066,0
0,0.3825555,0
0,0.6289176,1
0,0.044889145,0
0,0.3455025,0
0,0.31447214,0
0,0.064940855,0
0,0.4515962,0
0,0.15521574,0
0,0.112124875,0
0,0.5568586,1
0,0.36294302,0
0,0.067886345,0
0,0.32969135,0
0,0.25514513,0
0,0.54871887,1
0,0.34985766,0
0,0.040337067,0
0,0.05860849,0
0,0.046947386,0
0,0.14935338,0
0,0.3031786,0
1,0.73242164,1
0,0.6319995,1
0,0.64965713,1
0,0.048053432,0
0,0.44623834,0
0,0.07295918,0
0,0.33374912,0
0,0.03808683,0
0,0.06979749,0
0,0.08485811,0
0,0.4375822,0
0,0.5390129,1
0,0.45353967,0
0,0.23339795,0
0,0.45956314,0
1,0.90227205,1
0,0.2456403,0
0,0.8990554,1
0,0.25508338,0
0,0.056562483,0
1,0.947157,1
0,0.094360135,0
0,0.09008642,0
0,0.22214116,0
0,0.047090016,0
0,0.03043649,0
0,0.17820357,0
0,0.83642846,1
0,0.04123634,0
0,0.2525041,0
0,0.041302666,0
0,0.035539452,0
0,0.20752761,0
0,0.44443846,0
0,0.3962169,0
0,0.25392765,0
0,0.12800491,0
0,0.100133434,0
0,0.22547062,0
0,0.04627197,0
0,0.35569486,0
0,0.06910949,0
1,0.81247133,1
0,0.5483034,1
0,0.39681593,0
1,0.32665208,0
0,0.13851897,0
0,0.056053326,0
0,0.8766233,1
0,0.3161336,0
0,0.48699987,0
0,0.7448966,1
0,0.7766642,1
0,0.70093954,1
0,0.897879,1
0,0.12130565,0
0,0.75951207,1
0,0.20696051,0
0,0.094758905,0
0,0.13225053,0
1,0.6671129,1
0,0.0685878,0
0,0.11224352,0
0,0.069815144,0
0,0.82101744,1
0,0.049998235,0
0,0.7959337,1
0,0.053601034,0
0,0.29346865,0
0,0.14171186,0
0,0.4115205,0
0,0.07058341,0
0,0.31882963,0
0,0.47415504,0
0,0.09956157,0
0,0.43902615,0
0,0.6421546,1
0,0.2573336,0
0,0.01928438,0
0,0.029534353,0
0,0.17830777,0
0,0.19098532,0
0,0.16277927,0
0,0.372194,0
0,0.14184743,0
0,0.14170554,0
0,0.1815396,0
0,0.22101839,0
0,0.3524945,0
0,0.04206137,0
0,0.06776283,0
0,0.7087293,1
0,0.459543,0
0,0.17378478,0
0,0.52496475,1
0,0.19954878,0
0,0.25058082,0
0,0.16008592,0
0,0.05092845,0
0,0.61061436,1
0,0.26769948,0
0,0.06667735,0
0,0.20978527,0
0,0.10926369,0
0,0.19186562,0
0,0.09659,0
0,0.15416862,0
0,0.067061014,0
0,0.086846165,0
1,0.86048627,1
0,0.12841189,0
0,0.2958006,0
0,0.645242,1
0,0.24117005,0
0,0.07228313,0
0,0.45435464,0
0,0.085516214,0
0,0.031824905,0
0,0.061970424,0
0,0.22856605,0
0,0.17012224,0
0,0.2924875,0
0,0.6248455,1
0,0.047740813,0
0,0.041389506,0
0,0.44420588,0
0,0.064110324,0
0,0.052708186,0
0,0.054683466,0
0,0.54586685,1
0,0.08615752,0
0,0.46125153,0
0,0.6205677,1
0,0.22183563,0
0,0.30298746,0
0,0.13194856,0
0,0.4724211,0
0,0.0759169,0
0,0.43963912,0
0,0.1644206,0
0,0.05941161,0
0,0.24273868,0
1,0.39467698,0
0,0.28089663,0
0,0.8779585,1
0,0.10213205,0
0,0.114107735,0
0,0.40360278,0
0,0.3811069,0
0,0.32503667,0
0,0.129989,0
0,0.095513746,0
0,0.1320139,0
0,0.13224362,0
1,0.9381613,1
0,0.40383646,0
0,0.04025458,0
0,0.5050828,1
0,0.08813976,0
0,0.4873117,0
0,0.4350462,0
0,0.31162754,0
0,0.12977177,0
0,0.037458327,0
0,0.07731291,0
0,0.06676697,0
0,0.09944143,0
0,0.07281678,0
0,0.08402644,0
0,0.11797681,0
0,0.10480057,0
0,0.5097461,1
0,0.06484073,0
0,0.68333465,1
0,0.046495624,0
1,0.89147794,1
0,0.49354914,0
0,0.4010005,0
0,0.4556496,0
0,0.6585028,1
0,0.10565765,0
0,0.5664607,1
0,0.5763948,1
0,0.52082705,1
0,0.24570404,0
0,0.45141408,0
1,0.5933916,1
0,0.38251728,0
0,0.11080005,0
0,0.05759382,0
0,0.24822421,0
0,0.42916042,0
0,0.35070172,0
0,0.25777552,0
0,0.44793376,0
0,0.45968693,0
0,0.12963639,0
0,0.06939769,0
0,0.27022442,0
0,0.048906054,0
0,0.8057393,1
0,0.07702466,0
0,0.11397803,0
0,0.04009033,0
0,0.054171015,0
0,0.54644036,1
0,0.06724743,0
0,0.63149023,1
0,0.56423694,1
0,0.27779868,0
0,0.09082407,0
0,0.52439064,1
0,0.038210023,0
0,0.28324673,0
1,0.9323597,1
0,0.037933663,0
0,0.03787947,0
0,0.5165064,1
0,0.31088772,0
0,0.9322793,1
0,0.07744109,0
0,0.2416207,0
0,0.2555839,0
0,0.25156015,0
0,0.06200536,0
0,0.7421581,1
0,0.27407524,0
0,0.074372135,0
0,0.09821136,0
0,0.08375711,0
0,0.05974411,0
0,0.19786496,0
0,0.6406656,1
1,0.89843607,1
0,0.23765641,0
0,0.137301,0
0,0.026515657,0
0,0.44581118,0
0,0.1997971,0
0,0.058564536,0
0,0.4224802,0
0,0.66921115,1
0,0.27509338,0
0,0.085299246,0
0,0.06224386,0
0,0.6143907,1
0,0.76290625,1
0,0.09564715,0
0,0.53196716,1
0,0.102252804,0
0,0.08909579,0
1,0.422662,0
0,0.059384163,0
0,0.059718385,0
0,0.11696635,0
0,0.40331638,0
0,0.12477826,0
0,0.2726842,0
0,0.07574724,0
0,0.11919244,0
0,0.93116134,1
0,0.48514017,0
0,0.3520369,0
0,0.20014514,0
0,0.3622782,0
0,0.23475066,0
0,0.17399204,0
1,0.41473436,0
0,0.59723127,1
0,0.21960834,0
0,0.32015923,0
0,0.13357145,0
0,0.055668242,0
0,0.054065593,0
0,0.3064679,0
0,0.05925413,0
0,0.5338541,1
0,0.10659879,0
0,0.057214532,0
0,0.15862788,0
0,0.2798668,0
0,0.6383652,1
0,0.65223247,1
0,0.10466201,0
0,0.39462015,0
0,0.07104613,0
1,0.8107912,1
0,0.09102285,0
0,0.029234732,0
0,0.09047637,0
0,0.3073079,0
0,0.21359794,0
0,0.1314004,0
0,0.057370216,0
1,0.78203684,1
0,0.066015065,0
1,0.8691165,1
0,0.24716727,0
0,0.425106,0
0,0.28937733,0
0,0.09919414,0
0,0.50450706,1
0,0.045780096,0
0,0.07905842,0
0,0.10862285,0
0,0.58878094,1
0,0.06382682,0
0,0.21383817,0
0,0.03900514,0
0,0.18984573,0
1,0.716152,1
0,0.045140598,0
0,0.20811284,0
0,0.056272306,0
0,0.5707737,1
1,0.8428953,1
0,0.07874273,0
0,0.3679183,0
0,0.07248643,0
0,0.14896458,0
0,0.53074396,1
0,0.32932037,0
0,0.2377327,0
0,0.20860519,0
0,0.05929155,0
0,0.71148753,1
0,0.6241324,1
0,0.1718961,0
0,0.53413785,1
0,0.11054516,0
0,0.088254295,0
0,0.14105415,0
0,0.25232407,0
0,0.30103454,0
0,0.2884659,0
0,0.5644239,1
0,0.1794814,0
0,0.05873394,0
0,0.08507488,0
0,0.04310247,0
1,0.55053675,1
0,0.044892248,0
0,0.030790973,0
0,0.07394604,0
0,0.13237552,0
0,0.054068558,0
0,0.058073845,0
0,0.1202211,0
0,0.08543965,0
0,0.14156516,0
0,0.1508286,0
0,0.050811667,0
0,0.24756467,0
0,0.20609334,0
0,0.052824743,0
0,0.039825644,0
0,0.51153964,1
0,0.07552988,0
0,0.049750406,0
0,0.32711393,0
0,0.103088096,0
0,0.09540165,0
0,0.13097343,0
1,0.6495542,1
0,0.6695056,1
0,0.054543972,0
0,0.043573435,0
0,0.06484425,0
0,0.12985927,0
0,0.4374024,0
0,0.74357206,1
0,0.0487712,0
0,0.25713447,0
0,0.29740432,0
0,0.035056762,0
0,0.034662362,0
0,0.5965537,1
0,0.19054644,0
0,0.036624655,0
0,0.12010599,0
0,0.1487291,0
0,0.14432505,0
0,0.211778,0
0,0.10329283,0
0,0.0952209,0
0,0.045484755,0
0,0.037915736,0
0,0.048453312,0
0,0.5653028,1
0,0.12902708,0
0,0.21289513,0
0,0.09909137,0
0,0.22875668,0
0,0.17529735,0
0,0.06710831,0
0,0.052580077,0
0,0.4030699,0
0,0.07655776,0
0,0.19930673,0
0,0.034039993,0
0,0.08199486,0
0,0.23154038,0
0,0.24327616,0
0,0.08004564,0
0,0.049663216,0
0,0.8774244,1
0,0.2055012,0
0,0.059394248,0
0,0.14525694,0
0,0.40725622,0
0,0.18037382,0
0,0.12884189,0
0,0.024636704,0
0,0.06986254,0
0,0.85566765,1
0,0.066198155,0
0,0.040444218,0
0,0.30560157,0
0,0.47417542,0
0,0.1519737,0
0,0.06149679,0
0,0.1723936,0
0,0.29753876,0
0,0.31792727,0
0,0.13832824,0
0,0.1294084,0
0,0.06887828,0
0,0.3223009,0
0,0.091949455,0
0,0.069830336,0
0,0.41621795,0
0,0.77188975,1
0,0.39436275,0
0,0.07167834,0
0,0.051033467,0
0,0.061264757,0
0,0.27689078,0
0,0.3987928,0
0,0.09081061,0
0,0.09221081,0
0,0.16698512,0
0,0.3022615,0
0,0.20879152,0
0,0.2916844,0
0,0.070946746,0
0,0.1278995,0
0,0.48868567,0
0,0.119386144,0
0,0.30231985,0
0,0.4435062,0
0,0.23328997,0
0,0.08980733,0
0,0.07951547,0
0,0.29651856,0
0,0.054023605,0
0,0.2069371,0
0,0.15390627,0
0,0.30910224,0
0,0.35540384,0
0,0.4943356,0
0,0.09042377,0
0,0.13743058,0
0,0.05809828,0
0,0.04387714,0
0,0.4550788,0
0,0.07089484,0
0,0.8217902,1
0,0.13024697,0
0,0.12034836,0
0,0.10648633,0
0,0.8406292,1
0,0.4919978,0
0,0.13511391,0
0,0.094448715,0
0,0.08368485,0
0,0.059398368,0
0,0.19034162,0
0,0.16660099,0
0,0.052551202,0
0,0.108337395,0
0,0.056250397,0
0,0.27160355,0
0,0.088816546,0
0,0.042983927,0
0,0.0470825,0
0,0.6070379,1
0,0.08099343,0
0,0.05937009,0
0,0.24708363,0
0,0.07981218,0
0,0.07256237,0
0,0.035193022,0
0,0.32950854,0
0,0.4120363,0
0,0.034330074,0
0,0.35037887,0
0,0.12339065,0
0,0.069345415,0
0,0.097860545,0
1,0.86865765,1
0,0.06398519,0
0,0.055050265,0
0,0.35463557,0
0,0.077304274,0
0,0.05338482,0
0,0.051234227,0
0,0.05315526,0
0,0.25717983,0
0,0.042440254,0
0,0.2906962,0
0,0.089084856,0
0,0.023824928,0
0,0.5213321,1
0,0.4177627,0
0,0.68031836,1
0,0.050894227,0
0,0.51065314,1
0,0.041953422,0
0,0.06173471,0
0,0.04600756,0
0,0.053298477,0
0,0.26704544,0
0,0.03046878,0
0,0.39716136,0
0,0.58436555,1
0,0.4359679,0
0,0.2710955,0
0,0.19787206,0
0,0.46034938,0
0,0.09455346,0
0,0.3272427,0
0,0.18783562,0
0,0.16112854,0
0,0.23219055,0
0,0.0286957,0
0,0.10716952,0
0,0.057589076,0
0,0.26939294,0
0,0.19477476,0
0,0.1929681,0
0,0.10345056,0
0,0.8401714,1
0,0.6960774,1
0,0.3178909,0
0,0.236813,0
0,0.20009068,0
0,0.24257174,0
0,0.3763213,0
0,0.7387052,1
0,0.14648354,0
0,0.25136063,0
0,0.099466056,0
0,0.051599476,0
0,0.14850831,0
0,0.044141334,0
0,0.13818632,0
0,0.4820874,0
0,0.115640484,0
0,0.06750163,0
0,0.5082875,1
0,0.059875477,0
0,0.48922524,0
1,0.8284993,1
0,0.47531176,0
0,0.17780672,0
0,0.056705493,0
0,0.15228201,0
0,0.06411151,0
0,0.31576076,0
0,0.53796685,1
0,0.78054255,1
0,0.8625116,1
0,0.20978451,0
0,0.652286,1
0,0.056728836,0
0,0.21464148,0
0,0.07343285,0
1,0.78618735,1
0,0.55459005,1
0,0.025735423,0
0,0.8109103,1
0,0.050094865,0
0,0.06298983,0
0,0.114570424,0
0,0.10942807,0
0,0.5705767,1
0,0.62625694,1
0,0.8449616,1
0,0.038226858,0
0,0.3884211,0
0,0.042095833,0
0,0.57998973,1
0,0.08867006,0
0,0.055964682,0
0,0.04195385,0
0,0.2753127,0
0,0.1002689,0
0,0.11574178,0
0,0.16668834,0
0,0.5957152,1
0,0.08342138,0
0,0.44816926,0
0,0.06340928,0
0,0.06736432,0
0,0.37313834,0
0,0.30815265,0
0,0.07089046,0
0,0.10935866,0
0,0.6677944,1
0,0.7897081,1
0,0.71011907,1
0,0.9080536,1
0,0.1848869,0
0,0.28173056,0
0,0.069386736,0
0,0.057201892,0
0,0.04593799,0
0,0.056926742,0
0,0.031639222,0
0,0.043748982,0
0,0.42649534,0
0,0.5617483,1
0,0.7042135,1
0,0.056290846,0
0,0.5789465,1
0,0.64766884,1
0,0.24443921,0
0,0.04781026,0
0,0.22689079,0
0,0.10090754,0
0,0.056539614,0
0,0.86676973,1
0,0.2585498,0
1,0.121258184,0
0,0.06770945,0
0,0.059983905,0
0,0.03289196,0
0,0.51362795,1
0,0.11348697,0
0,0.2256664,0
0,0.3024486,0
0,0.066376515,0
0,0.600483,1
0,0.023718648,0
0,0.14367867,0
0,0.29803357,0
0,0.05013643,0
0,0.07561603,0
0,0.033542197,0
0,0.07403969,0
0,0.34291804,0
0,0.59586644,1
0,0.10837623,0
0,0.32985818,0
0,0.19903043,0
1,0.72113067,1
0,0.74841547,1
0,0.23026288,0
0,0.33375376,0
0,0.060745195,0
0,0.065848164,0
0,0.28850865,0
0,0.13386078,0
0,0.09830653,0
0,0.4728584,0
0,0.42751902,0
0,0.6783138,1
0,0.5263767,1
0,0.061584797,0
1,0.6126914,1
0,0.48541695,0
0,0.03743215,0
0,0.23486376,0
0,0.033042166,0
0,0.058890447,0
0,0.07639599,0
0,0.16838895,0
0,0.0952472,0
0,0.048644554,0
0,0.26716727,0
1,0.84451395,1
0,0.15945902,0
0,0.2738601,0
0,0.47029918,0
0,0.043039147,0
0,0.6200655,1
0,0.048834138,0
0,0.5540818,1
0,0.06750707,0
0,0.19341215,0
0,0.60371596,1
0,0.3619054,0
0,0.64548796,1
0,0.16876164,0
0,0.42751297,0
0,0.07768982,0
0,0.28968614,0
0,0.048895363,0
0,0.078949235,0
0,0.6428187,1
0,0.10661302,0
0,0.27169085,0
0,0.03925984,0
0,0.19524364,0
0,0.7474491,1
0,0.110302225,0
0,0.06817861,0
0,0.39716184,0
0,0.5796546,1
0,0.040250044,0
0,0.1291754,0
1,0.8542011,1
0,0.5077203,1
0,0.16930065,0
0,0.041416626,0
0,0.0754354,0
0,0.17482838,0
0,0.15971318,0
0,0.06481578,0
0,0.8620911,1
0,0.1308095,0
0,0.0679115,0
0,0.3637552,0
0,0.054223742,0
0,0.6809553,1
0,0.48447996,0
0,0.45044735,0
0,0.16272628,0
0,0.41510493,0
0,0.03544018,0
0,0.096905336,0
0,0.31587481,0
0,0.77042264,1
0,0.049528457,0
0,0.33147237,0
0,0.12588991,0
0,0.07951811,0
0,0.39484033,0
0,0.35280934,0
0,0.5709118,1
0,0.8851991,1
0,0.121896684,0
0,0.8470595,1
0,0.15317485,0
0,0.19121344,0
0,0.17959622,0
0,0.59695417,1
0,0.061396107,0
0,0.35168964,0
1,0.40456927,0
0,0.61002475,1
0,0.3134739,0
1,0.91237575,1
0,0.113055944,0
0,0.6998613,1
1,0.53976375,1
0,0.086767055,0
0,0.059524123,0
0,0.74115855,1
0,0.055756528,0
0,0.18982027,0
0,0.1677461,0
0,0.44216585,0
0,0.25810888,0
0,0.6992632,1
0,0.08528651,0
0,0.1471076,0
0,0.06169219,0
0,0.11864718,0
0,0.40814176,0
